car_park_no,address,x_coord,y_coord,car_park_type,type_of_parking_system,short_term_parking,free_parking,night_parking,car_park_decks,gantry_height,car_park_basement
AR1L,3 AND 5 DOVER ROAD,22359.0217,31801.6379,SURFACE CAR PARK,ELECTRONIC PARKING,NO,NO,NO,0,4.5,N
AR1M,BLK 2A DOVER ROAD,22474.205,31687.9608,MULTI-STOREY CAR PARK,ELECTRONIC PARKING,WHOLE DAY,SUN & PH FR 7AM-10.30PM,YES,10,2.15,N
AR2L,BLK 26 AND 27 DOVER CRESCENT,22194.6359,32026.8288,SURFACE CAR PARK,ELECTRONIC PARKING,NO,NO,NO,0,0.0,N
AR2M,BLK 28 DOVER CRESCENT,22252.486,31896.9749,MULTI-STOREY CAR PARK,ELECTRONIC PARKING,WHOLE DAY,SUN & PH FR 7AM-10.30PM,YES,16,2.15,N
AR5M,BLK 19A DOVER CRESCENT,22562.8641,32184.9758,MULTI-STOREY CAR PARK,ELECTRONIC PARKING,WHOLE DAY,SUN & PH FR 7AM-10.30PM,YES,12,2.15,N
AR7L,12 TO 14 DOVER CLOSE EAST,22688.3753,32015.1518,SURFACE CAR PARK,ELECTRONIC PARKING,NO,NO,NO,0,0.0,N
AR7M,BLK 12A DOVER CLOSE EAST,22643.9533,31900.5591,MULTI-STOREY CAR PARK,ELECTRONIC PARKING,WHOLE DAY,SUN & PH FR 7AM-10.30PM,YES,7,2.15,N
AR9,BLK 20/22/23 DOVER CRESCENT,22448.9368,32178.436,SURFACE CAR PARK,ELECTRONIC PARKING,7AM-10.30PM,SUN & PH FR 7AM-10.30PM,NO,0,0.0,N
AV1,BLK 120/120A/121-127 ALEXANDRA VILLAGE,24649.752,29778.7266,SURFACE CAR PARK,ELECTRONIC PARKING,WHOLE DAY,NO,YES,0,4.5,N
AV2,BLK 1001/1010 BUKIT MERAH LANE 1/3,24941.5778,29704.4978,SURFACE CAR PARK,COUPON PARKING,WHOLE DAY,NO,YES,0,0.0,N
BM1,BLK 28 JALAN BUKIT MERAH,25357.1463,29858.3486,SURFACE CAR PARK,ELECTRONIC PARKING,WHOLE DAY,NO,YES,0,0.0,N
BM10,BLK 56/57 LENGKOK BAHRU,25857.7754,30056.6386,SURFACE CAR PARK,ELECTRONIC PARKING,WHOLE DAY,SUN & PH FR 7AM-10.30PM,YES,0,4.5,N
BM12,BLK 55 LENGKOK BAHRU,25769.3044,30009.7592,SURFACE CAR PARK,ELECTRONIC PARKING,WHOLE DAY,SUN & PH FR 7AM-10.30PM,YES,0,4.5,N
BM13,BLK 44/47 LENGKOK BAHRU,25648.7676,29924.1943,SURFACE CAR PARK,ELECTRONIC PARKING,WHOLE DAY,NO,YES,0,0.0,N
BM14,BLK 34-36 JALAN RUMAH TINGGI,25276.6255,30161.1078,SURFACE CAR PARK,ELECTRONIC PARKING,7AM-10.30PM,NO,NO,0,5.4,N
BM19,BLK 88/89 REDHILL CLOSE,26373.3689,29793.0744,SURFACE CAR PARK,ELECTRONIC PARKING,WHOLE DAY,SUN & PH FR 7AM-10.30PM,YES,0,0.0,N
BM2,BLK 28 HOY FATT ROAD,25399.6152,29918.9512,SURFACE CAR PARK,ELECTRONIC PARKING,WHOLE DAY,NO,YES,0,2.1,N
BM20,BLK 89/90 REDHILL CLOSE,26379.7745,29741.6402,SURFACE CAR PARK,ELECTRONIC PARKING,WHOLE DAY,SUN & PH FR 7AM-10.30PM,YES,0,0.0,N
BM26,BLK 1/3/5 JALAN BUKIT MERAH,25118.4593,29967.6925,SURFACE CAR PARK,ELECTRONIC PARKING,WHOLE DAY,NO,YES,0,4.5,N
BM27,BLK 115/116 BUKIT MERAH CENTRAL,25937.1387,29610.3105,SURFACE CAR PARK,COUPON PARKING,NO,NO,NO,0,4.5,N
BM28,"BLK 117, 161 BUKIT MERAH CENTRAL",26052.9053,29603.6488,SURFACE CAR PARK,ELECTRONIC PARKING,7AM-10.30PM,NO,NO,0,9.99,N
BM29,BLK 163 BUKIT MERAH CENTRAL,26194.9184,29563.3295,BASEMENT CAR PARK,ELECTRONIC PARKING,WHOLE DAY,NO,YES,1,2.0,Y
BM3,BLK 49/50 HOY FATT ROAD,25574.8666,30013.7121,SURFACE CAR PARK,ELECTRONIC PARKING,WHOLE DAY,NO,YES,0,4.5,N
BM30,BLK 164/165 BUKIT MERAH CENTRAL,26154.2109,29519.0586,SURFACE CAR PARK,ELECTRONIC PARKING,7AM-10.30PM,NO,NO,0,9.99,N
BM31,BLK 119 BUKIT MERAH CENTRAL,26136.5799,29432.235,MULTI-STOREY CAR PARK,ELECTRONIC PARKING,WHOLE DAY,SUN & PH FR 7AM-10.30PM,YES,10,1.9,N
BM33,BLKS 167-169 JALAN BUKIT MERAH,26367.6248,29465.267,MULTI-STOREY CAR PARK,ELECTRONIC PARKING,WHOLE DAY,NO,YES,14,1.9,N
BM36,JALAN BUKIT MERAH,26279.3643,29471.6752,SURFACE CAR PARK,COUPON PARKING,NO,NO,NO,0,4.5,N
BM4,BLK 35A JALAN RUMAH TINGGI,25288.5551,30009.2384,MULTI-STOREY CAR PARK,ELECTRONIC PARKING,WHOLE DAY,SUN & PH FR 7AM-10.30PM,YES,0,2.15,N
BM5,BLKS 8/10 JALAN RUMAH TINGGI,25139.9101,30093.7491,SURFACE CAR PARK,ELECTRONIC PARKING,7AM-7PM,NO,NO,0,4.5,N
BM6,BLK 61 LENGKOK BAHRU,25823.7973,30215.5782,SURFACE CAR PARK,ELECTRONIC PARKING,WHOLE DAY,SUN & PH FR 7AM-10.30PM,YES,0,0.0,N
BM9,BLK 58/59 LENGKOK BAHRU,25889.8506,30167.4343,SURFACE CAR PARK,ELECTRONIC PARKING,WHOLE DAY,SUN & PH FR 7AM-10.30PM,YES,0,4.5,N
BWM,BLK 2A JALAN BUKIT MERAH,25037.7298,29927.4975,MULTI-STOREY CAR PARK,ELECTRONIC PARKING,WHOLE DAY,NO,YES,7,2.15,N
CAM,BLK 88 TANGLIN HALT ROAD,24092.2494,31574.3039,MULTI-STOREY CAR PARK,ELECTRONIC PARKING,WHOLE DAY,SUN & PH FR 7AM-10.30PM,YES,5,2.15,N
CCM,BLK 84A COMMONWEALTH CLOSE,24269.3904,31777.7395,MULTI-STOREY CAR PARK,COUPON PARKING,WHOLE DAY,SUN & PH FR 7AM-10.30PM,YES,10,2.15,N
CDM,BLK 54 COMMONWEALTH DRIVE,23934.8536,31553.8887,MULTI-STOREY CAR PARK,ELECTRONIC PARKING,WHOLE DAY,SUN & PH FR 7AM-10.30PM,YES,11,2.15,N
CLM,BLK 129A CLARENCE LANE,25894.5957,30541.7316,MULTI-STOREY CAR PARK,ELECTRONIC PARKING,WHOLE DAY,SUN & PH FR 7AM-10.30PM,YES,10,2.0,N
CLNA,BLK 210 CLEMENTI AVENUE 6,20180.2167,33851.5291,MULTI-STOREY CAR PARK,ELECTRONIC PARKING,WHOLE DAY,SUN & PH FR 7AM-10.30PM,YES,2,2.15,N
CLRG,312 CLEMENTI AVENUE 4,20283.9283,33479.407,MULTI-STOREY CAR PARK,ELECTRONIC PARKING,WHOLE DAY,SUN & PH FR 7AM-10.30PM,YES,13,2.15,N
CLTR,BLK 311 CLEMENTI AVENUE 4,20411.5945,33513.7467,MULTI-STOREY CAR PARK,ELECTRONIC PARKING,WHOLE DAY,SUN & PH FR 7AM-10.30PM,YES,13,2.1,N
CTM1,BLK 441 COMMONWEALTH AVENUE WEST,20293.6227,33003.4096,MULTI-STOREY CAR PARK,ELECTRONIC PARKING,WHOLE DAY,NO,YES,2,2.15,N
C10,"BLK 339,341,344-345,371-381 CLEMENTI AVENUE 5",20837.8461,33414.5726,SURFACE CAR PARK,ELECTRONIC PARKING,WHOLE DAY,SUN & PH FR 7AM-10.30PM,YES,0,4.5,N
C11,"BLK 321-322,324-326 CLEMENTI AVENUE 5",20522.6462,33009.6141,SURFACE CAR PARK,ELECTRONIC PARKING,WHOLE DAY,NO,YES,0,4.3,N
C12,"BLK 301-302,305-308 CLEMENTI AVENUE 4",20519.9139,33782.4237,SURFACE CAR PARK,ELECTRONIC PARKING,WHOLE DAY,SUN & PH FR 7AM-10.30PM,YES,0,4.5,N
C13M,BLK 309A CLEMENTI AVENUE 4,20528.1198,33646.8063,MULTI-STOREY CAR PARK,ELECTRONIC PARKING,WHOLE DAY,SUN & PH FR 7AM-10.30PM,YES,7,2.15,N
C14M,BLK 318A CLEMENTI AVENUE 4,20417.4455,33296.1766,MULTI-STOREY CAR PARK,ELECTRONIC PARKING,WHOLE DAY,SUN & PH FR 7AM-10.30PM,YES,2,2.15,N
C15M,BLK 440 CLEMENTI AVENUE 3,20290.6787,33170.3249,MULTI-STOREY CAR PARK,ELECTRONIC PARKING,WHOLE DAY,NO,YES,6,2.15,N
C16,BLK 430-435 CLEMENTI AVENUE 3,20116.5191,32955.7857,SURFACE CAR PARK,ELECTRONIC PARKING,WHOLE DAY,NO,YES,0,3.5,N
C17,"BLK 442-444,442A CLEMENTI AVENUE 3",20273.9935,32905.3373,SURFACE CAR PARK,ELECTRONIC PARKING,WHOLE DAY,NO,YES,0,0.0,N
C18,BLK 426/428 CLEMENTI AVENUE 3,20215.8784,32729.9597,SURFACE CAR PARK,ELECTRONIC PARKING,WHOLE DAY,NO,YES,0,4.5,N
C18A,BLK 426/427 CLEMENTI AVENUE 3,20306.3068,32672.9468,SURFACE CAR PARK,ELECTRONIC PARKING,7AM-7PM,NO,NO,0,0.0,N
C19M,BLK 445 CLEMENTI AVENUE 3,20269.322,32850.6337,MULTI-STOREY CAR PARK,ELECTRONIC PARKING,WHOLE DAY,NO,YES,14,2.15,N
C2M,BLK 463 CLEMENTI AVENUE 1,20717.3694,32581.3946,MULTI-STOREY CAR PARK,ELECTRONIC PARKING,WHOLE DAY,SUN & PH FR 7AM-10.30PM,YES,6,2.15,N
C20,BLK 449-451 CLEMENTI AVENUE 3,20425.9232,32848.95,SURFACE CAR PARK,ELECTRONIC PARKING,WHOLE DAY,NO,YES,0,4.5,N
C20M,BLK 462A CLEMENTI AVENUE 3,20469.2131,32645.0967,MULTI-STOREY CAR PARK,ELECTRONIC PARKING,WHOLE DAY,SUN & PH FR 7AM-10.30PM,YES,18,2.15,N
C21L,BLK 454 TO 460 CLEMENTI AVENUE 3,20624.0039,32590.9865,SURFACE CAR PARK,ELECTRONIC PARKING,NO,NO,NO,0,0.0,N
C21M,BLK 455A CLEMENTI AVENUE 3,20566.6991,32662.4476,MULTI-STOREY CAR PARK,ELECTRONIC PARKING,WHOLE DAY,SUN & PH FR 7AM-10.30PM,YES,12,2.15,N
C22M,BLK 109A CLEMENTI STREET 11,20991.1005,33766.9817,MULTI-STOREY CAR PARK,ELECTRONIC PARKING,WHOLE DAY,SUN & PH FR 7AM-10.30PM,YES,6,1.9,N
C24,BLK 110/118 CLEMENTI STREET 13,21096.4707,34048.6484,SURFACE CAR PARK,ELECTRONIC PARKING,WHOLE DAY,SUN & PH FR 7AM-10.30PM,YES,0,4.5,N
C25,BLK 101-104 CLEMENTI STREET 14,20840.7482,33844.4911,SURFACE CAR PARK,ELECTRONIC PARKING,WHOLE DAY,SUN & PH FR 7AM-10.30PM,YES,0,4.5,N
C26,BLK 105-107 CLEMENTI STREET 12,20945.3775,33870.6421,SURFACE CAR PARK,ELECTRONIC PARKING,WHOLE DAY,SUN & PH FR 7AM-10.30PM,YES,0,4.3,N
C27,BLK 108/109 CLEMENTI STREET 11,21010.3372,33832.437,SURFACE CAR PARK,ELECTRONIC PARKING,WHOLE DAY,SUN & PH FR 7AM-10.30PM,YES,0,4.3,N
C28,BLK 201/206 CLEMENTI AVENUE 6,20211.495,33712.5638,SURFACE CAR PARK,COUPON PARKING,WHOLE DAY,SUN & PH FR 7AM-10.30PM,YES,0,2.1,N
C28M,BLK 208 CLEMENTI AVENUE 6,20070.902,33845.674,MULTI-STOREY CAR PARK,ELECTRONIC PARKING,WHOLE DAY,SUN & PH FR 7AM-10.30PM,YES,6,2.15,N
C29,BLK 501-505 WEST COAST DRIVE,19754.8437,32767.8945,SURFACE CAR PARK,ELECTRONIC PARKING,WHOLE DAY,SUN & PH FR 7AM-10.30PM,YES,0,0.0,N
C29A,BLK 503 WEST COAST DRIVE,19749.6211,32629.2695,SURFACE CAR PARK,ELECTRONIC PARKING,WHOLE DAY,SUN & PH FR 7AM-10.30PM,YES,0,2.15,N
C3M,BLK 416A CLEMENTI AVENUE 1,20967.8189,32458.1382,MULTI-STOREY CAR PARK,ELECTRONIC PARKING,WHOLE DAY,SUN & PH FR 7AM-10.30PM,YES,2,2.15,N
C3ML,"BLK 419, 420 AND 420A CLEMENTI AVENUE 1",20852.22,32522.1809,SURFACE CAR PARK,ELECTRONIC PARKING,NO,NO,NO,0,0.0,N
C30,BLK 507-509 WEST COAST DRIVE,19998.4863,32640.0059,SURFACE CAR PARK,ELECTRONIC PARKING,WHOLE DAY,SUN & PH FR 7AM-10.30PM,YES,0,4.5,N
C31,BLK 510/511 WEST COAST ROAD,19907.0039,32541.0547,SURFACE CAR PARK,ELECTRONIC PARKING,WHOLE DAY,SUN & PH FR 7AM-10.30PM,YES,0,0.0,N
C32,BLK 514-519 WEST COAST ROAD,19738.0729,32326.8057,SURFACE CAR PARK,ELECTRONIC PARKING,WHOLE DAY,SUN & PH FR 7AM-10.30PM,YES,0,4.5,N
C33,BLK 601-613 CLEMENTI WEST STREET 1,20603.5028,31877.1704,SURFACE CAR PARK,ELECTRONIC PARKING,WHOLE DAY,SUN & PH FR 7AM-10.30PM,YES,0,4.5,N
C34,BLK 702/703 WEST COAST ROAD,19944.5184,32148.1942,SURFACE CAR PARK,ELECTRONIC PARKING,NO,SUN & PH FR 7AM-10.30PM,NO,0,4.5,N
C35,BLK 704-714 CLEMENTI WEST STREET 2,20000.4883,31993.6074,SURFACE CAR PARK,ELECTRONIC PARKING,WHOLE DAY,SUN & PH FR 7AM-10.30PM,YES,0,0.0,N
C36,BLK 728/729 CLEMENTI WEST STREET 2,20236.2232,31960.1377,SURFACE CAR PARK,ELECTRONIC PARKING,7AM-10.30PM,SUN & PH FR 7AM-10.30PM,NO,0,4.5,N
C37,"BLK 720-727,730-731 CLEMENTI WEST STREET 2",20282.323,31764.2687,SURFACE CAR PARK,ELECTRONIC PARKING,WHOLE DAY,SUN & PH FR 7AM-10.30PM,YES,0,2.15,N
C38,BLK 715-717 CLEMENTI WEST STREET 2,20121.5156,31683.3711,SURFACE CAR PARK,ELECTRONIC PARKING,7AM-10.30PM,SUN & PH FR 7AM-10.30PM,NO,0,0.0,N
C39,CLEMENTI SPORTS COMPLEX,20089.6113,32510.9746,SURFACE CAR PARK,COUPON PARKING,WHOLE DAY,SUN & PH FR 7AM-10.30PM,YES,0,0.0,N
C4M,BLK 413A COMMONWEALTH AVENUE WEST,21009.1656,32642.4126,MULTI-STOREY CAR PARK,ELECTRONIC PARKING,WHOLE DAY,SUN & PH FR 7AM-10.30PM,YES,9,2.0,N
C40L,BLK 801A TO 801C WEST COAST CRESCENT,20273.1009,31460.4731,SURFACE CAR PARK,ELECTRONIC PARKING,NO,NO,NO,0,0.0,N
C40M,BLK 801 WEST COAST CRESCENT,20275.5121,31340.853,MULTI-STOREY CAR PARK,ELECTRONIC PARKING,WHOLE DAY,NO,YES,5,2.15,N
C41,CLEMENTI WOODS,20789.5326,31386.0593,SURFACE CAR PARK,COUPON PARKING,WHOLE DAY,SUN & PH FR 7AM-10.30PM,YES,0,0.0,N
C5,"BLK 358-360,362-363,366-367 CLEMENTI AVENUE 2",20905.8297,32821.8286,SURFACE CAR PARK,ELECTRONIC PARKING,WHOLE DAY,SUN & PH FR 7AM-10.30PM,YES,0,0.0,N
C6,BLK 328-334 CLEMENTI AVENUE 2,20696.2978,32975.0306,SURFACE CAR PARK,ELECTRONIC PARKING,WHOLE DAY,SUN & PH FR 7AM-10.30PM,YES,0,4.5,N
C7,BLK 349-355 CLEMENTI AVENUE 2,21037.2754,33018.7828,SURFACE CAR PARK,ELECTRONIC PARKING,WHOLE DAY,SUN & PH FR 7AM-10.30PM,YES,0,4.5,N
C8,BLK 335/338 CLEMENTI AVENUE 2,20800.9102,33216.8047,SURFACE CAR PARK,ELECTRONIC PARKING,WHOLE DAY,SUN & PH FR 7AM-10.30PM,YES,0,4.5,N
C9,BLK 340/342/343/346-348 CLEMENTI AVENUE  5,20988.0194,33324.5654,SURFACE CAR PARK,ELECTRONIC PARKING,WHOLE DAY,SUN & PH FR 7AM-10.30PM,YES,0,5.4,N
DRM1,BLK 104C DEPOT ROAD,25576.6096,29218.1692,MULTI-STOREY CAR PARK,ELECTRONIC PARKING,WHOLE DAY,SUN & PH FR 7AM-10.30PM,YES,14,2.15,N
DRM2,BLK 112C DEPOT ROAD,25165.8976,29305.1091,MULTI-STOREY CAR PARK,ELECTRONIC PARKING,WHOLE DAY,SUN & PH FR 7AM-10.30PM,YES,14,2.15,N
DRM3,108A DEPOT ROAD,25390.1316,29254.1321,MULTI-STOREY CAR PARK,ELECTRONIC PARKING,WHOLE DAY,SUN & PH FR 7AM-10.30PM,YES,11,2.15,N
DRM4,BLK 105 DEPOT ROAD,25668.1428,29257.6985,MULTI-STOREY CAR PARK,ELECTRONIC PARKING,WHOLE DAY,NO,YES,3,2.15,N
DRM5,BLOCK 110 DEPOT ROAD,25346.6693,29308.7018,BASEMENT CAR PARK,ELECTRONIC PARKING,WHOLE DAY,NO,YES,1,2.15,Y
DRS,BLK 102A/102B DEPOT ROAD,25737.908,29213.3689,SURFACE CAR PARK,ELECTRONIC PARKING,WHOLE DAY,NO,YES,0,2.15,N
DSRL,BLK 38A MARGARET DRIVE,24864.8825,31078.208,SURFACE CAR PARK,ELECTRONIC PARKING,NO,NO,NO,0,0.0,N
DSR1,BLK 31A MARGARET DRIVE,24685.6441,31202.2045,MULTI-STOREY CAR PARK,ELECTRONIC PARKING,WHOLE DAY,NO,YES,16,2.15,N
DSR2,BLK 37A MARGARET DRIVE,24885.23,31140.1423,MULTI-STOREY CAR PARK,ELECTRONIC PARKING,WHOLE DAY,SUN & PH FR 7AM-10.30PM,YES,21,2.15,N
DWSO,BLK 40 & 41 MARGARET DRIVE,25064.6593,30982.3473,MULTI-STOREY CAR PARK,ELECTRONIC PARKING,WHOLE DAY,SUN & PH FR 7AM-10.30PM,YES,16,2.15,N
DWSP,BLK 95A DAWSON ROAD,25620.1022,30938.7202,MULTI-STOREY CAR PARK,ELECTRONIC PARKING,WHOLE DAY,SUN & PH FR 7AM-10.30PM,YES,13,2.15,N
DWST,BLK 89A DAWSON ROAD,25626.2862,30840.6986,MULTI-STOREY CAR PARK,ELECTRONIC PARKING,7AM-10.30PM,NO,NO,4,2.15,N
DWSV,BLK 85 DAWSON ROAD,25362.2059,30853.9755,MULTI-STOREY CAR PARK,ELECTRONIC PARKING,WHOLE DAY,NO,YES,13,2.15,N
DWVT,BLK 78A DAWSON ROAD,25420.9278,30734.4029,MULTI-STOREY CAR PARK,ELECTRONIC PARKING,WHOLE DAY,NO,YES,13,2.15,N
FR2C,BLK 3/4 QUEEN'S ROAD,25150.3008,33394.0586,COVERED CAR PARK,ELECTRONIC PARKING,WHOLE DAY,NO,YES,0,2.4,N
FR2S,BLK 2/3/4 QUEEN'S ROAD,25091.4622,33354.5073,SURFACE CAR PARK,ELECTRONIC PARKING,WHOLE DAY,NO,YES,0,0.0,N
FR3M,BLK 8A EMPRESS ROAD,24983.1434,33218.9585,MULTI-STOREY CAR PARK,ELECTRONIC PARKING,WHOLE DAY,NO,YES,12,2.15,N
FR4M,BLK 6A FARRER ROAD,25130.4814,33238.9594,MULTI-STOREY CAR PARK,ELECTRONIC PARKING,WHOLE DAY,NO,YES,3,2.15,N
GMLM,BLK 24 GHIM MOH LINK,22713.9209,32338.0954,MULTI-STOREY CAR PARK,ELECTRONIC PARKING,NO,SUN & PH FR 7AM-10.30PM,YES,7,2.15,N
GM1A,BLK 2A GHIM MOH ROAD,22836.9123,32767.7127,MULTI-STOREY CAR PARK,ELECTRONIC PARKING,WHOLE DAY,SUN & PH FR 7AM-10.30PM,YES,2,2.15,N
GM1B,BLK 5A GHIM MOH ROAD,22985.068,32801.7739,MULTI-STOREY CAR PARK,ELECTRONIC PARKING,WHOLE DAY,SUN & PH FR 7AM-10.30PM,YES,2,2.15,N
GM1M,31A GHIM MOH LINK,22552.3566,32407.3317,MULTI-STOREY CAR PARK,ELECTRONIC PARKING,WHOLE DAY,SUN & PH FR 7AM-10.30PM,YES,7,2.15,N
GM2,BLK 7/8/9 GHIM MOH ROAD,22974.2865,32655.7823,SURFACE CAR PARK,ELECTRONIC PARKING,WHOLE DAY,SUN & PH FR 7AM-10.30PM,YES,0,4.5,N
GM2A,BLK 8A GHIM MOH ROAD,22874.5952,32575.0244,MULTI-STOREY CAR PARK,ELECTRONIC PARKING,WHOLE DAY,SUN & PH FR 7AM-10.30PM,YES,5,2.15,N
GM3,BLK 19/20 GHIM MOH ROAD,23051.41,32606.52,SURFACE CAR PARK,ELECTRONIC PARKING,WHOLE DAY,SUN & PH FR 7AM-10.30PM,YES,0,0.0,N
GM5,BLK 21 GHIM MOH ROAD,23013.32,32520.93,SURFACE CAR PARK,ELECTRONIC PARKING,WHOLE DAY,SUN & PH FR 7AM-10.30PM,YES,0,9.99,N
GM6A,BLK 13A GHIM MOH ROAD,23036.915,32422.5932,MULTI-STOREY CAR PARK,ELECTRONIC PARKING,7AM-7PM,SUN & PH FR 7AM-10.30PM,NO,5,2.15,N
GM6B,BLK 16A GHIM MOH ROAD,22917.7735,32435.7026,MULTI-STOREY CAR PARK,ELECTRONIC PARKING,WHOLE DAY,SUN & PH FR 7AM-10.30PM,YES,7,2.15,N
HCM,BLK 104A HENDERSON CRESCENT,26691.3633,30161.685,MULTI-STOREY CAR PARK,ELECTRONIC PARKING,WHOLE DAY,SUN & PH FR 7AM-10.30PM,YES,11,2.1,N
HE12,BLK 78/81 REDHILL LANE,26367.5806,30069.2434,SURFACE CAR PARK,ELECTRONIC PARKING,WHOLE DAY,SUN & PH FR 7AM-10.30PM,YES,0,4.5,N
HE17,BLK 93/96 HENDERSON ROAD,26561.0277,29871.6493,SURFACE CAR PARK,ELECTRONIC PARKING,WHOLE DAY,SUN & PH FR 7AM-10.30PM,YES,0,0.0,N
HE19,- ALEXANDRA ROAD,26627.3867,30326.9473,SURFACE CAR PARK,ELECTRONIC PARKING,WHOLE DAY,SUN & PH FR 7AM-10.30PM,YES,0,5.4,N
HE24,BLK 116 BUKIT MERAH VIEW,26627.4121,29677.5937,SURFACE CAR PARK,ELECTRONIC PARKING,WHOLE DAY,SUN & PH FR 7AM-10.30PM,YES,0,0.0,N
HE9,BLK 118/119 BUKIT MERAH VIEW,26650.6074,29571.3613,SURFACE CAR PARK,ELECTRONIC PARKING,WHOLE DAY,SUN & PH FR 7AM-10.30PM,YES,0,0.0,N
HRM,BLK 96 HENDERSON ROAD,26668.6582,29993.0383,MULTI-STOREY CAR PARK,ELECTRONIC PARKING,WHOLE DAY,SUN & PH FR 7AM-10.30PM,YES,9,2.15,N
JRTM,BLK 37A JALAN RUMAH TINGGI,25441.3095,30196.268,MULTI-STOREY CAR PARK,ELECTRONIC PARKING,WHOLE DAY,SUN & PH FR 7AM-10.30PM,YES,12,2.15,N
LBM,BLK 64 LENGKOK BAHRU,25985.8189,30193.5347,MULTI-STOREY CAR PARK,ELECTRONIC PARKING,WHOLE DAY,SUN & PH FR 7AM-10.30PM,YES,8,2.15,N
MLM,BLK 157A MEI LING STREET,24676.3894,30639.2696,MULTI-STOREY CAR PARK,ELECTRONIC PARKING,WHOLE DAY,SUN & PH FR 7AM-10.30PM,YES,11,2.15,N
MLM1,BLK 161A MEI LING STREET,24684.8066,30491.8693,MULTI-STOREY CAR PARK,ELECTRONIC PARKING,WHOLE DAY,SUN & PH FR 7AM-10.30PM,YES,7,2.15,N
PDQ5,BLK 57 DAWSON RD,25514.1791,30563.4425,SURFACE/MULTI-STOREY CAR PARK,ELECTRONIC PARKING,WHOLE DAY,NO,YES,3,2.15,N
Q14,BLK 49 STIRLING ROAD,24533.22,31110.95,SURFACE CAR PARK,COUPON PARKING,7AM-10.30PM,SUN & PH FR 7AM-10.30PM,NO,0,0.0,N
Q15,BLK 41/48 STIRLING ROAD,24487.19,31188.56,SURFACE CAR PARK,COUPON PARKING,WHOLE DAY,SUN & PH FR 7AM-10.30PM,YES,0,0.0,N
Q16,BLK 45 AND 50 STIRLING ROAD,24705.57,31033.88,SURFACE CAR PARK,ELECTRONIC PARKING,WHOLE DAY,SUN & PH FR 7AM-10.30PM,YES,0,0.0,N
Q17,BLK 52 STIRLING ROAD,24717.58,30953.45,SURFACE CAR PARK,ELECTRONIC PARKING,WHOLE DAY,SUN & PH FR 7AM-10.30PM,YES,0,0.0,N
Q19,BLK 151 MEI LING STREET,24654.5215,30786.998,SURFACE CAR PARK,ELECTRONIC PARKING,7AM-7PM,NO,NO,0,0.0,N
Q2A,BLK 155-164 STIRLING ROAD,24780.1309,30449.3691,SURFACE CAR PARK,COUPON PARKING,7AM-10.30PM,SUN & PH FR 7AM-10.30PM,NO,0,0.0,N
Q30,MARGARET DRIVE,25268.69,30911.89,SURFACE CAR PARK,COUPON PARKING,WHOLE DAY,SUN & PH FR 7AM-10.30PM,YES,0,0.0,N
Q4,BLK 168A QUEENSWAY,24726.8911,30124.9522,SURFACE CAR PARK,COUPON PARKING,NO,NO,YES,0,0.0,N
Q41,BLK 80 STRATHMORE AVENUE,25318.4336,30747.652,SURFACE CAR PARK,ELECTRONIC PARKING,7AM-10.30PM,NO,NO,0,4.5,N
Q48,BLK 150A MEI CHIN ROAD,24682.94,30859.67,SURFACE CAR PARK,COUPON PARKING,WHOLE DAY,SUN & PH FR 7AM-10.30PM,YES,0,0.0,N
Q49,- MEI CHIN ROAD,24600.43,30852.65,SURFACE CAR PARK,COUPON PARKING,7AM-7PM,NO,NO,0,0.0,N
Q5A,BLKS 166-171 STIRLING ROAD,24644.4805,30393.2754,SURFACE CAR PARK,COUPON PARKING,7AM-10.30PM,SUN & PH FR 7AM-10.30PM,NO,0,0.0,N
Q5S,BLK 165-166 STIRLING ROAD,24530.9034,30353.3466,SURFACE CAR PARK,COUPON PARKING,NO,SUN & PH FR 7AM-10.30PM,YES,0,0.0,N
Q51,BLK 39 TANGLIN HALT ROAD,24187.6,31144.34,SURFACE CAR PARK,COUPON PARKING,7AM-7PM,NO,NO,0,0.0,N
Q52,BLK 33-34 TANGLIN HALT ROAD,24170.85,31017.51,SURFACE CAR PARK,COUPON PARKING,7AM-7PM,NO,NO,0,0.0,N
Q55,BLK 61/66 COMMONWEALTH DRIVE,23894.27,31228.0,SURFACE CAR PARK,COUPON PARKING,7AM-10.30PM,NO,NO,0,4.5,N
Q58,BLK 46-3 COMMONWEALTH DRIVE,24031.02,31382.8,SURFACE CAR PARK,COUPON PARKING,7AM-10.30PM,NO,NO,0,0.0,N
Q59,BLK 47/49 TANGLIN HALT ROAD,24023.14,31476.19,SURFACE CAR PARK,COUPON PARKING,WHOLE DAY,NO,YES,0,0.0,N
Q65,BLK 115A COMMONWEALTH DRIVE,24153.2643,31983.7356,SURFACE CAR PARK,ELECTRONIC PARKING,WHOLE DAY,SUN & PH FR 7AM-10.30PM,YES,0,0.0,N
Q65A,BLK 96-111 AND 115 COMMONWEALTH CRESCENT,24418.636,32156.675,SURFACE CAR PARK,COUPON PARKING,7AM-10.30PM,SUN & PH FR 7AM-10.30PM,NO,0,0.0,N
Q66,BLK 117 COMMONWEALTH DRIVE,24236.01,32114.32,SURFACE CAR PARK,ELECTRONIC PARKING,WHOLE DAY,SUN & PH FR 7AM-10.30PM,YES,0,0.0,N
Q67,BLK 116-118 COMMONWEALTH CRESCENT,24352.42,32166.07,SURFACE CAR PARK,ELECTRONIC PARKING,WHOLE DAY,SUN & PH FR 7AM-10.30PM,YES,0,0.0,N
Q68,BLK 110 COMMONWEALTH CRESCENT,24181.18,32133.41,SURFACE CAR PARK,ELECTRONIC PARKING,7AM-7PM,NO,NO,0,0.0,N
Q70,BLK 99/102 COMMONWEALTH CRESCENT,24353.0804,32185.228,SURFACE CAR PARK,ELECTRONIC PARKING,7AM-7PM,NO,NO,0,0.0,N
Q72,BLK 96 COMMONWEALTH CRESCENT,24391.78,32090.9,SURFACE CAR PARK,COUPON PARKING,7AM-7PM,NO,NO,0,0.0,N
Q73,BLK 91/92 COMMONWEALTH DRIVE,24335.5387,32064.3962,SURFACE CAR PARK,ELECTRONIC PARKING,7AM-7PM,NO,NO,0,0.0,N
Q75M,BLK 10A HOLLAND DRIVE,23590.6968,32292.0387,MULTI-STOREY CAR PARK,ELECTRONIC PARKING,WHOLE DAY,SUN & PH FR 7AM-10.30PM,YES,12,2.15,N
Q77M,BLK 18 HOLLAND DRIVE,23403.3645,32654.8683,MULTI-STOREY CAR PARK,ELECTRONIC PARKING,WHOLE DAY,NO,YES,12,2.15,N
Q8,BLK 19/23A/23B QUEENS CLOSE,24244.0036,30732.3137,SURFACE CAR PARK,ELECTRONIC PARKING,WHOLE DAY,NO,YES,0,4.5,N
Q80,BLK 45/46/47 HOLLAND DRIVE,23479.7213,32316.8703,SURFACE CAR PARK,ELECTRONIC PARKING,WHOLE DAY,NO,YES,0,9.99,N
Q81,BLK 43 HOLLAND DRIVE,23531.2041,32206.3235,SURFACE CAR PARK,ELECTRONIC PARKING,WHOLE DAY,NO,YES,0,9.99,N
Q84,BLK 2/4/6/31/32 HOLLAND CLOSE,23921.707,32122.75,SURFACE CAR PARK,ELECTRONIC PARKING,WHOLE DAY,SUN & PH FR 7AM-10.30PM,YES,0,4.5,N
Q85,NORTH BUONA VISTA ROAD,23406.71,32283.49,SURFACE CAR PARK,ELECTRONIC PARKING,WHOLE DAY,SUN & PH FR 7AM-10.30PM,YES,0,0.0,N
Q86,BLK 148A MEI LING STREET,24722.8381,30771.7904,MULTI-STOREY CAR PARK,ELECTRONIC PARKING,WHOLE DAY,SUN & PH FR 7AM-10.30PM,YES,10,1.8,N
Q87,BLK 5A HOLLAND CLOSE,23873.3239,32354.7312,MULTI-STOREY CAR PARK,ELECTRONIC PARKING,WHOLE DAY,SUN & PH FR 7AM-10.30PM,YES,11,2.0,N
Q88,BLK 19A QUEEN'S CLOSE,24354.2159,30597.8694,MULTI-STOREY CAR PARK,ELECTRONIC PARKING,WHOLE DAY,SUN & PH FR 7AM-10.30PM,YES,10,2.0,N
Q89,BLK 7B COMMONWEALTH AVENUE,23741.0378,32063.6114,MULTI-STOREY CAR PARK,ELECTRONIC PARKING,WHOLE DAY,SUN & PH FR 7AM-10.30PM,YES,11,2.0,N
Q92,BLK 82 STRATHMORE AVENUE,25236.2422,30797.7383,SURFACE CAR PARK,COUPON PARKING,NO,NO,NO,0,4.5,N
Q93,BLK 83 STRATHMORE AVENUE,25189.3828,30813.4336,SURFACE CAR PARK,COUPON PARKING,NO,NO,NO,0,4.5,N
Q94,BLK 102 COMMONWEALTH CRESCENT,24354.3978,32217.4868,SURFACE CAR PARK,ELECTRONIC PARKING,7AM-7PM,NO,NO,0,0.0,N
Q95,BLK 98 COMMONWEALTH CRESCENT,24433.0873,32115.9271,SURFACE CAR PARK,COUPON PARKING,7AM-7PM,NO,NO,0,0.0,N
Q96,BLK 181-184 STIRLING ROAD,24782.1998,30858.4456,SURFACE CAR PARK,ELECTRONIC PARKING,WHOLE DAY,NO,YES,0,4.5,N
Q97,BLK 64 COMMONWEALTH DRIVE,24000.9896,31284.4381,SURFACE CAR PARK,COUPON PARKING,7AM-7PM,NO,NO,0,0.0,N
Q98,BLK 55 COMMONWEALTH DRIVE,23989.771,31078.5446,SURFACE CAR PARK,COUPON PARKING,7AM-7PM,NO,NO,0,4.5,N
Q99,BLK 89 COMMONWEALTH DRIVE,24191.1767,31958.4905,SURFACE CAR PARK,COUPON PARKING,7AM-7PM,NO,NO,0,4.5,N
RHM,BLK 88A REDHILL CLOSE,26359.4531,29876.1692,MULTI-STOREY CAR PARK,ELECTRONIC PARKING,WHOLE DAY,SUN & PH FR 7AM-10.30PM,YES,10,1.9,N
RHM2,BLK 70A REDHILL CLOSE,26173.5652,29936.3581,MULTI-STOREY CAR PARK,ELECTRONIC PARKING,WHOLE DAY,SUN & PH FR 7AM-10.30PM,YES,12,2.15,N
RHM3,BLK 73 REDHILL ROAD,26214.2901,30036.7081,MULTI-STOREY CAR PARK,ELECTRONIC PARKING,WHOLE DAY,SUN & PH FR 7AM-10.30PM,YES,17,2.15,N
RHM4,BLK 74 REDHILL ROAD,26052.2467,30044.7806,MULTI-STOREY CAR PARK,ELECTRONIC PARKING,WHOLE DAY,SUN & PH FR 7AM-10.30PM,YES,12,2.15,N
RHS,BLK 75A/B REDHILL ROAD,26029.8967,30077.9357,SURFACE CAR PARK,ELECTRONIC PARKING,WHOLE DAY,NO,YES,0,4.5,N
SAM,BLK 60A STRATHMORE AVENUE,25613.7877,30550.6392,MULTI-STOREY CAR PARK,ELECTRONIC PARKING,WHOLE DAY,SUN & PH FR 7AM-10.30PM,YES,12,2.15,N
SAM2,BLK 61 STRATHMORE AVENUE,25513.9562,30707.2765,MULTI-STOREY CAR PARK,ELECTRONIC PARKING,WHOLE DAY,NO,YES,12,2.15,N
SMM,BLK 53A STRATHMORE AVENUE,25135.7671,30634.5571,MULTI-STOREY CAR PARK,ELECTRONIC PARKING,WHOLE DAY,SUN & PH FR 7AM-10.30PM,YES,14,2.15,N
SMML,BLK 50/51 STRATHMORE AVENUE,25259.6207,30666.3245,SURFACE CAR PARK,ELECTRONIC PARKING,NO,NO,NO,0,0.0,N
STAM,BLK 56A STRATHMORE AVENUE,25398.1488,30582.3365,MULTI-STOREY CAR PARK,ELECTRONIC PARKING,WHOLE DAY,SUN & PH FR 7AM-10.30PM,YES,12,2.15,N
STM1,BLK 169A STIRLING ROAD,24647.2485,30296.4074,MULTI-STOREY CAR PARK,ELECTRONIC PARKING,WHOLE DAY,SUN & PH FR 7AM-10.30PM,YES,2,2.0,N
STM2,BLK 171A STIRLING ROAD,24703.9688,30248.287,MULTI-STOREY CAR PARK,ELECTRONIC PARKING,WHOLE DAY,SUN & PH FR 7AM-10.30PM,YES,6,2.15,N
STM3,BLK 168-171 STIRLING ROAD,24662.1367,30248.061,SURFACE CAR PARK,ELECTRONIC PARKING,WHOLE DAY,SUN & PH FR 7AM-10.30PM,YES,0,4.5,N
TBCM,BLK 16A TELOK BLANGAH CRESCENT,26642.874,28889.9336,MULTI-STOREY CAR PARK,ELECTRONIC PARKING,WHOLE DAY,SUN & PH FR 7AM-10.30PM,YES,12,2.15,N
TBC2,BLK 23A TELOK BLANGAH CRESCENT,26594.4985,28690.7096,MULTI-STOREY CAR PARK,ELECTRONIC PARKING,WHOLE DAY,SUN & PH FR 7AM-10.30PM,YES,3,2.15,N
TBC3,BLK 3A TELOK BLANGAH CRESCENT,26248.2192,29055.7391,MULTI-STOREY CAR PARK,ELECTRONIC PARKING,WHOLE DAY,SUN & PH FR 7AM-10.30PM,YES,8,2.15,N
TBK,BLK 84 TELOK BLANGAH HEIGHTS,25410.0758,28869.5953,SURFACE CAR PARK,COUPON PARKING,7AM-7PM,NO,NO,0,0.0,N
TBL,BLK 90B TELOK BLANGAH STREET 31,25044.3866,28772.2926,SURFACE CAR PARK,ELECTRONIC PARKING,NO,NO,NO,0,9.99,N
TBM,BLK 48A TELOK BLANGAH DRIVE,25479.2441,28253.7507,MULTI-STOREY CAR PARK,ELECTRONIC PARKING,WHOLE DAY,SUN & PH FR 7AM-10.30PM,YES,12,1.8,N
TBMT,BLK 80 TELOK BLANGAH STREET 31,25059.9661,28475.4537,MULTI-STOREY CAR PARK,ELECTRONIC PARKING,7AM-10.30PM,NO,NO,5,2.15,N
TBM2,BLK 73A TELOK BLANGAH STREET 32,25318.3879,28642.2103,MULTI-STOREY CAR PARK,ELECTRONIC PARKING,WHOLE DAY,SUN & PH FR 7AM-10.30PM,YES,4,2.15,N
TBM3,BLK 78A TELOK BLANGAH STREET 32,25290.5101,28428.7979,MULTI-STOREY CAR PARK,ELECTRONIC PARKING,WHOLE DAY,SUN & PH FR 7AM-10.30PM,YES,14,2.15,N
TBM4,BLK 88A TELOK BLANGAH HEIGHTS,25156.3228,28862.5317,MULTI-STOREY CAR PARK,ELECTRONIC PARKING,WHOLE DAY,SUN & PH FR 7AM-10.30PM,YES,12,2.15,N
TBM5,BLK 57A TELOK BLANGAH HEIGHTS,25599.7585,28608.3876,MULTI-STOREY CAR PARK,ELECTRONIC PARKING,WHOLE DAY,SUN & PH FR 7AM-10.30PM,YES,12,2.15,N
TBM6,BLK 52A TELOK BLANGAH DRIVE,25528.5116,28424.2252,MULTI-STOREY CAR PARK,ELECTRONIC PARKING,WHOLE DAY,SUN & PH FR 7AM-10.30PM,YES,12,2.15,N
TBM7,BLK 70 TELOK BLANGAH HEIGHTS,25497.8422,28748.5546,MULTI-STOREY CAR PARK,ELECTRONIC PARKING,WHOLE DAY,SUN & PH FR 7AM-10.30PM,YES,7,2.15,N
TBM8,BLK 90 TELOK BLANGAH STREET 31,25102.2101,28852.5891,MULTI-STOREY CAR PARK,ELECTRONIC PARKING,WHOLE DAY,NO,YES,11,2.15,N
TBM9,BLK 93 TELOK BLANGAH STREET 31,25092.2521,28584.6862,MULTI-STOREY CAR PARK,ELECTRONIC PARKING,WHOLE DAY,NO,YES,13,2.15,N
TB1,BLK 1/2/3/4/6 TELOK BLANGAH CRESCENT,26359.0527,28989.3284,SURFACE CAR PARK,ELECTRONIC PARKING,7AM-10.30PM,NO,NO,0,4.5,N
TB14,BLK 113/114 DEPOT ROAD,25109.3906,29363.2539,SURFACE CAR PARK,ELECTRONIC PARKING,WHOLE DAY,SUN & PH FR 7AM-10.30PM,YES,0,4.5,N
TB17,BLK 50/71 TELOK BLANGAH DRIVE,25740.9065,28588.0794,SURFACE CAR PARK,ELECTRONIC PARKING,WHOLE DAY,SUN & PH FR 7AM-10.30PM,YES,0,4.5,N
TB18,BLK 72/74/84 TELOK BLANGAH DRIVE,25383.8683,28775.7738,SURFACE CAR PARK,ELECTRONIC PARKING,WHOLE DAY,NO,YES,0,4.5,N
TB19,BLK 75/76 TELOK BLANGAH DRIVE,25261.3047,28571.479,SURFACE CAR PARK,ELECTRONIC PARKING,WHOLE DAY,SUN & PH FR 7AM-10.30PM,YES,0,4.5,N
TB2,BLK 8-10 TELOK BLANGAH CRESCENT,26444.6627,28896.6707,SURFACE CAR PARK,ELECTRONIC PARKING,7AM-10.30PM,NO,NO,0,0.0,N
TB22,BLK 79/80/81 TELOK BLANGAH DRIVE,25135.612,28488.1817,SURFACE CAR PARK,ELECTRONIC PARKING,7AM-10.30PM,SUN & PH FR 7AM-10.30PM,NO,0,0.0,N
TB23,DEPOT ROAD LORRY PARK,25985.6543,29309.834,SURFACE CAR PARK,ELECTRONIC PARKING,7AM-10.30PM,SUN & PH FR 7AM-10.30PM,NO,0,0.0,N
TB27,BLK 4001-4008 DEPOT LANE,25595.8755,29374.1443,SURFACE CAR PARK,COUPON PARKING,WHOLE DAY,SUN & PH FR 7AM-10.30PM,YES,0,0.0,N
TB28,BLK 45 TELOK BLANGAH DRIVE,25306.0,28279.5996,SURFACE CAR PARK,ELECTRONIC PARKING,7AM-10.30PM,NO,NO,0,0.0,N
TB29,BLK 45 & 79 ALONG TELOK BLANGAH DRIVE,25069.197,28402.4038,SURFACE CAR PARK,COUPON PARKING,WHOLE DAY,NO,YES,0,0.0,N
TB3,BLK 12/22 TELOK BLANGAH CRESCENT,26458.5039,28811.9141,SURFACE CAR PARK,ELECTRONIC PARKING,WHOLE DAY,NO,YES,0,0.0,N
TB7,BLK 29/32 TELOK BLANGAH RISE,26673.4648,28437.3189,SURFACE CAR PARK,ELECTRONIC PARKING,WHOLE DAY,SUN & PH FR 7AM-10.30PM,YES,0,3.8,N
TB8,BLK 30/31 TELOK BLANGAH RISE,26601.755,28348.037,SURFACE CAR PARK,ELECTRONIC PARKING,WHOLE DAY,SUN & PH FR 7AM-10.30PM,YES,0,3.8,N
THM,BLK 37B COMMONWEALTH DRIVE,24057.579,31174.2517,MULTI-STOREY CAR PARK,ELECTRONIC PARKING,WHOLE DAY,SUN & PH FR 7AM-10.30PM,YES,12,2.15,N
